id,title,asset,givens_81,solution_81,clues,stored_difficulty,stored_score,rerated_difficulty,rerated_score,human_solved,solution_count,step_count,required_techniques,technique_counts,ranked_eligible,audit_reason
extreme_090,Expert Challenge 90,assets/puzzles/extreme/extreme_03.json,000050310790000000006002000000000000000497000001628470953000200000000008000204900,824759316795361824316842795479513682682497531531628479953186247247935168168274953,24,expert,296,expert,296,true,1,77,hidden_pair|hidden_single|naked_pair|naked_single|pointing_pair,naked_single:49|hidden_single:8|hidden_pair:3|naked_pair:3|pointing_pair:14,true,Re-rated above Expert threshold by current solver score.
extreme_089,Expert Challenge 89,assets/puzzles/extreme/extreme_03.json,001006008500020000000300900000001086197000300000000100800000061000010854700500000,921476538583129647674385912352791486197864325468253179845932761239617854716548293,24,expert,290,expert,290,true,1,77,hidden_pair|hidden_single|naked_pair|naked_single|pointing_pair,naked_single:45|hidden_single:12|naked_pair:8|hidden_pair:6|pointing_pair:6,true,Re-rated above Expert threshold by current solver score.
extreme_088,Expert Challenge 88,assets/puzzles/extreme/extreme_03.json,000000800000945700020001045000300000764000000000060018000000093286000000001500000,549726831138945726627831945812359467764218359953467218475682193286193574391574682,23,expert,287,expert,287,true,1,76,hidden_pair|hidden_single|naked_pair|naked_single|pointing_pair|x_wing,hidden_single:9|hidden_pair:3|naked_pair:4|pointing_pair:10|x_wing:1|naked_single:49,true,Re-rated above Expert threshold by current solver score.
extreme_087,Expert Challenge 87,assets/puzzles/extreme/extreme_03.json,090050007840000001000007090000070620000009700083000100070040000000002000010730408,296351847847926531531487296159873624624519783783264159375648912468192375912735468,24,expert,285,expert,285,true,1,74,hidden_pair|hidden_single|naked_pair|naked_single|pointing_pair|x_wing,naked_single:41|hidden_single:16|naked_pair:7|hidden_pair:3|pointing_pair:5|x_wing:2,true,Re-rated above Expert threshold by current solver score.
extreme_085,Expert Challenge 85,assets/puzzles/extreme/extreme_03.json,705920003906000000080700000000004130800007209030000060000098300600040000001070090,715926483926483715483715926259864137864137259137259864572698341698341572341572698,26,expert,278,expert,278,true,1,69,hidden_pair|hidden_single|naked_pair|naked_single|pointing_pair|x_wing,naked_single:41|hidden_single:14|naked_pair:2|hidden_pair:2|pointing_pair:6|x_wing:4,true,Re-rated above Expert threshold by current solver score.
extreme_086,Expert Challenge 86,assets/puzzles/extreme/extreme_03.json,000060010083000002570000000000500409100900020407000000800400000005000001000086700,924863517683751942571294638362518479158947326497632185816475293745329861239186754,22,expert,278,expert,278,true,1,75,hidden_pair|hidden_single|naked_pair|naked_single|pointing_pair|x_wing,hidden_single:14|hidden_pair:2|naked_single:45|naked_pair:3|pointing_pair:10|x_wing:1,true,Re-rated above Expert threshold by current solver score.
extreme_083,Expert Challenge 83,assets/puzzles/extreme/extreme_03.json,060704000008030000072000500000000894200000000009100070920000000005209008600007040,563724189198635427472981536316572894257498361849163275924816753735249618681357942,24,expert,273,expert,273,true,1,72,hidden_pair|hidden_single|naked_pair|naked_single|pointing_pair|x_wing,hidden_single:8|naked_pair:4|hidden_pair:2|pointing_pair:6|x_wing:3|naked_single:49,true,Re-rated above Expert threshold by current solver score.
extreme_084,Expert Challenge 84,assets/puzzles/extreme/extreme_03.json,090001007000360000300090841200009000000000509000740006600020080010004000903000000,592481637481367952367592841236159478748236519159748326674923185815674293923815764,24,expert,273,expert,273,true,1,74,hidden_pair|hidden_single|naked_pair|naked_single|pointing_pair|x_wing,hidden_single:8|naked_pair:9|hidden_pair:2|pointing_pair:4|naked_single:49|x_wing:2,true,Re-rated above Expert threshold by current solver score.
extreme_082,Expert Challenge 82,assets/puzzles/extreme/extreme_03.json,000000000380700010007451000050020700009000000000800230006010040170380000000000075,514238697382769514697451382458923761239176458761845239926517843175384926843692175,24,expert,272,expert,272,true,1,71,hidden_pair|hidden_single|naked_pair|naked_single|pointing_pair|x_wing,hidden_single:14|naked_pair:7|hidden_pair:2|x_wing:4|pointing_pair:1|naked_single:43,true,Re-rated above Expert threshold by current solver score.
extreme_081,Expert Challenge 81,assets/puzzles/extreme/extreme_03.json,100000800000604000040073000200000108000007040000010900800701000500006201002000300,137952864925684713648173592279465138381297645456318927863721459594836271712549386,23,expert,271,expert,271,true,1,72,hidden_pair|hidden_single|naked_pair|naked_single|pointing_pair|x_wing,hidden_single:19|hidden_pair:2|pointing_pair:7|naked_pair:3|x_wing:2|naked_single:39,true,Re-rated above Expert threshold by current solver score.
extreme_079,Expert Challenge 79,assets/puzzles/extreme/extreme_03.json,000000004027000000100000859006000000500980160008107000000000000050390002000702048,985631274427859631163274859716425983542983167398167425271548396854396712639712548,24,expert,267,expert,267,true,1,71,hidden_pair|hidden_single|naked_pair|naked_single|pointing_pair|x_wing,hidden_single:15|hidden_pair:4|pointing_pair:6|naked_pair:2|naked_single:42|x_wing:2,true,Re-rated above Expert threshold by current solver score.
extreme_080,Expert Challenge 80,assets/puzzles/extreme/extreme_03.json,003000058700930000000000600200140005070000800004000060080009000000204001026000900,693421758758936142142587693269148375375692814814753269581379426937264581426815937,23,expert,267,expert,267,true,1,72,hidden_pair|hidden_single|naked_pair|naked_single|pointing_pair|x_wing,hidden_single:9|hidden_pair:2|naked_single:49|naked_pair:4|pointing_pair:5|x_wing:3,true,Re-rated above Expert threshold by current solver score.
extreme_077,Expert Challenge 77,assets/puzzles/extreme/extreme_03.json,760000000004003000000900580008000007007030260000059000000308190910000000003600040,769485312854213679132976584348162957597834261621759438475328196916547823283691745,24,expert,266,expert,266,true,1,74,hidden_pair|hidden_single|naked_pair|naked_single|pointing_pair,hidden_single:11|naked_single:46|hidden_pair:1|naked_pair:6|pointing_pair:10,true,Re-rated above Expert threshold by current solver score.
extreme_078,Expert Challenge 78,assets/puzzles/extreme/extreme_03.json,300060970010009020004000010000400005180000000200050709002300000030070490600000000,328165974516749328974283516769432185185697243243851769492318657831576492657924831,24,expert,266,expert,266,true,1,72,hidden_pair|hidden_single|naked_pair|naked_single|pointing_pair|x_wing,hidden_single:9|naked_single:48|hidden_pair:1|pointing_pair:8|naked_pair:4|x_wing:2,true,Re-rated above Expert threshold by current solver score.
extreme_075,Expert Challenge 75,assets/puzzles/extreme/extreme_03.json,050728000000056000000000360802030000000070020000000913000004036090060570100000000,356728491419356782728419365842931657931675824675842913587294136294163578163587249,24,expert,264,expert,264,true,1,73,hidden_pair|hidden_single|naked_pair|naked_single|pointing_pair,hidden_single:10|hidden_pair:6|naked_pair:2|pointing_pair:8|naked_single:47,true,Re-rated above Expert threshold by current solver score.
extreme_076,Expert Challenge 76,assets/puzzles/extreme/extreme_03.json,043000000000950000000000186005800009810006300000000000002000000670000400000080617,243168975168957234957243186325814769814796352796325841482671593671539428539482617,22,expert,264,expert,264,true,1,75,hidden_pair|hidden_single|naked_pair|naked_single|pointing_pair,hidden_single:16|naked_pair:7|hidden_pair:3|naked_single:43|pointing_pair:6,true,Re-rated above Expert threshold by current solver score.
extreme_073,Expert Challenge 73,assets/puzzles/extreme/extreme_03.json,004000165000009000032000000000860000200000390000004082000000000719480000600097040,974328165561749238832615479493862751286571394157934682348256917719483526625197843,24,expert,263,expert,263,true,1,71,hidden_pair|hidden_single|naked_pair|naked_single|pointing_pair|x_wing,naked_single:48|hidden_single:9|hidden_pair:2|pointing_pair:9|x_wing:2|naked_pair:1,true,Re-rated above Expert threshold by current solver score.
extreme_074,Expert Challenge 74,assets/puzzles/extreme/extreme_03.json,000000208019080000800503006400700000000005003001090800000000060106000470000310002,753169248619284537824573196485731629962845713371692854298457361136928475547316982,24,expert,263,expert,263,true,1,72,hidden_pair|hidden_single|naked_pair|naked_single|pointing_pair|x_wing,hidden_single:12|naked_pair:3|hidden_pair:4|pointing_pair:7|x_wing:1|naked_single:45,true,Re-rated above Expert threshold by current solver score.
extreme_071,Expert Challenge 71,assets/puzzles/extreme/extreme_03.json,018000000706000043400970800080004000007000090900610038500000107000003004000780002,218345679796128543435976821382594716167832495954617238523469187871253964649781352,27,expert,262,expert,262,true,1,70,hidden_pair|hidden_single|naked_pair|naked_single|pointing_pair|x_wing,hidden_single:12|naked_pair:9|hidden_pair:1|naked_single:42|pointing_pair:4|x_wing:2,true,Re-rated above Expert threshold by current solver score.
extreme_072,Expert Challenge 72,assets/puzzles/extreme/extreme_03.json,704310000000500306001000000000000060000020978000405000000759600403000759000000000,754316892289547316631892547312978465546123978897465123128759634463281759975634281,24,expert,262,expert,262,true,1,74,hidden_pair|hidden_single|naked_pair|naked_single|pointing_pair,hidden_single:5|hidden_pair:4|naked_pair:5|pointing_pair:8|naked_single:52,true,Re-rated above Expert threshold by current solver score.
extreme_069,Expert Challenge 69,assets/puzzles/extreme/extreme_03.json,000780504080000201460000000010802007000000900040015000000000000003008156000320008,192783564387564291465291783519832647238647915746915832874156329923478156651329478,25,expert,261,expert,261,true,1,70,hidden_pair|hidden_single|naked_pair|naked_single|pointing_pair|x_wing,hidden_single:13|naked_pair:3|pointing_pair:8|x_wing:2|hidden_pair:1|naked_single:43,true,Re-rated above Expert threshold by current solver score.
extreme_070,Expert Challenge 70,assets/puzzles/extreme/extreme_03.json,017000000506007000040000013000500400000060000001080026000090561080010000000043200,317428695596137842248956713629571438834269157751384926473892561982615374165743289,24,expert,261,expert,261,true,1,72,hidden_pair|hidden_single|naked_pair|naked_single|pointing_pair|x_wing,hidden_single:16|naked_pair:6|hidden_pair:2|pointing_pair:6|x_wing:1|naked_single:41,true,Re-rated above Expert threshold by current solver score.
extreme_067,Expert Challenge 67,assets/puzzles/extreme/extreme_03.json,000000000000016250005807006000000741100600309008000000000970000210030070400000008,641253897789416253325897416562389741174625389938741625853974162216538974497162538,24,expert,260,expert,260,true,1,71,hidden_pair|hidden_single|naked_pair|naked_single|pointing_pair|x_wing,hidden_single:10|naked_pair:3|hidden_pair:2|pointing_pair:7|x_wing:2|naked_single:47,true,Re-rated above Expert threshold by current solver score.
extreme_068,Expert Challenge 68,assets/puzzles/extreme/extreme_03.json,709006000000040000080000653100003200630580000000000007000090001908007000001020400,719356842563248179482971653194763285637582914825419367256894731948137526371625498,24,expert,260,expert,260,true,1,73,hidden_pair|hidden_single|naked_pair|naked_single|pointing_pair|x_wing,hidden_single:8|naked_pair:7|hidden_pair:2|naked_single:49|pointing_pair:6|x_wing:1,true,Re-rated above Expert threshold by current solver score.
extreme_064,Expert Challenge 64,assets/puzzles/extreme/extreme_03.json,070010000018600000000002040020106900590700000000500004200005007000030000030000685,372418569418659732659372148724186953593724816186593274241865397865937421937241685,24,expert,259,expert,259,true,1,70,hidden_pair|hidden_single|naked_pair|naked_single|pointing_pair|x_wing,hidden_single:14|pointing_pair:9|x_wing:2|naked_pair:1|hidden_pair:1|naked_single:43,true,Re-rated above Expert threshold by current solver score.
extreme_065,Expert Challenge 65,assets/puzzles/extreme/extreme_03.json,000007196000000000001340000403005000000000007000070581750000000000050800190006070,342587196587961234961342758473815962815629347629473581754198623236754819198236475,23,expert,259,expert,259,true,1,71,hidden_pair|hidden_single|naked_pair|naked_single|pointing_pair|x_wing,hidden_single:12|hidden_pair:5|naked_pair:1|pointing_pair:5|naked_single:46|x_wing:2,true,Re-rated above Expert threshold by current solver score.
extreme_066,Expert Challenge 66,assets/puzzles/extreme/extreme_03.json,680000005000000100307680000500800307000006000024900000000000020009000014000230500,681492735492357168357681249516824397973516482824973651765148923239765814148239576,23,expert,259,expert,259,true,1,74,hidden_pair|hidden_single|naked_pair|naked_single|pointing_pair,hidden_single:11|hidden_pair:3|naked_pair:6|naked_single:47|pointing_pair:7,true,Re-rated above Expert threshold by current solver score.
extreme_060,Expert Challenge 60,assets/puzzles/extreme/extreme_02.json,020000000007302080600000001032080450000723000060000000016000900805037000900000800,321648597597312684684579321732186459459723168168495732216854973845937216973261845,25,expert,258,expert,258,true,1,70,hidden_pair|hidden_single|naked_pair|naked_single|pointing_pair|x_wing,naked_single:46|hidden_single:10|hidden_pair:4|pointing_pair:5|naked_pair:3|x_wing:2,true,Re-rated above Expert threshold by current solver score.
extreme_061,Expert Challenge 61,assets/puzzles/extreme/extreme_03.json,000000200800471006000038000350040000004000002000000870000000620065000001970050000,147965283823471956596238417352847169784196532619523874438719625265384791971652348,23,expert,258,expert,258,true,1,73,hidden_pair|hidden_single|naked_pair|naked_single|pointing_pair|x_wing,naked_single:49|hidden_single:9|naked_pair:5|hidden_pair:2|pointing_pair:7|x_wing:1,true,Re-rated above Expert threshold by current solver score.
extreme_062,Expert Challenge 62,assets/puzzles/extreme/extreme_03.json,000080206006970000080000901500739000000000012000500000020005000300000100000340008,971483256256971483483256971512739864739864512864512739628195347347628195195347628,23,expert,258,expert,258,true,1,73,hidden_pair|hidden_single|naked_pair|naked_single|pointing_pair|x_wing,naked_single:49|hidden_single:9|naked_pair:5|hidden_pair:3|pointing_pair:6|x_wing:1,true,Re-rated above Expert threshold by current solver score.
extreme_063,Expert Challenge 63,assets/puzzles/extreme/extreme_03.json,000100060008000009060003040000000000257000000009681000000370000000000270002090605,923148567148765329765923841681257934257439186439681752516372498894516273372894615,22,expert,258,expert,258,true,1,75,hidden_pair|hidden_single|naked_pair|naked_single|pointing_pair,hidden_single:14|naked_pair:9|naked_single:45|hidden_pair:4|pointing_pair:3,true,Re-rated above Expert threshold by current solver score.
extreme_059,Expert Challenge 59,assets/puzzles/extreme/extreme_02.json,000015060000300079002000400000164030000000046010200005100780000954000000000000010,789415362541326879632897451895164237327958146416273985163782594954631728278549613,24,expert,257,expert,257,true,1,73,hidden_pair|hidden_single|naked_pair|naked_single|pointing_pair,naked_single:38|hidden_single:19|hidden_pair:2|naked_pair:10|pointing_pair:4,true,Re-rated above Expert threshold by current solver score.
extreme_056,Expert Challenge 56,assets/puzzles/extreme/extreme_02.json,000006700000003064005080100300860000000000010072430000589000040100958300700000000,231546798897123564465789132314865279658297413972431856589372641146958327723614985,26,expert,256,expert,256,true,1,70,hidden_pair|hidden_single|naked_pair|naked_single|pointing_pair|x_wing,hidden_single:13|pointing_pair:4|naked_pair:5|naked_single:42|hidden_pair:5|x_wing:1,true,Re-rated above Expert threshold by current solver score.
extreme_057,Expert Challenge 57,assets/puzzles/extreme/extreme_02.json,567900000000600800000010000002500000009070600000030071230000508000895400000000000,567948312123657849498213756712586934349172685856439271234761598671895423985324167,23,expert,256,expert,256,true,1,73,hidden_pair|hidden_single|naked_pair|naked_single|pointing_pair,hidden_single:11|hidden_pair:5|naked_pair:3|pointing_pair:7|naked_single:47,true,Re-rated above Expert threshold by current solver score.
extreme_058,Expert Challenge 58,assets/puzzles/extreme/extreme_02.json,000000000072690000000051407008000060000520000730000580180005000000000000200360090,851472639472693815693851427528734961916528743734916582189245376367189254245367198,23,expert,256,expert,256,true,1,74,hidden_pair|hidden_single|naked_pair|naked_single|pointing_pair,hidden_single:14|naked_pair:9|hidden_pair:4|pointing_pair:3|naked_single:44,true,Re-rated above Expert threshold by current solver score.
extreme_053,Expert Challenge 53,assets/puzzles/extreme/extreme_02.json,000930040070002009083000001000320080000000900092080106000700000230000050000010400,126938745574162839983547261617329584458671923392485176849756312231894657765213498,24,expert,255,expert,255,true,1,70,hidden_pair|hidden_single|naked_pair|naked_single|pointing_pair|x_wing,hidden_single:10|hidden_pair:2|pointing_pair:8|naked_pair:1|x_wing:2|naked_single:47,true,Re-rated above Expert threshold by current solver score.
extreme_054,Expert Challenge 54,assets/puzzles/extreme/extreme_02.json,384000000000000070000950004000004009100000000702100050000000030508070620430010000,384267915915348276276951384853724169169835742742196853621589437598473621437612598,23,expert,255,expert,255,true,1,72,hidden_pair|hidden_single|naked_pair|naked_single|pointing_pair|x_wing,naked_single:43|hidden_single:15|naked_pair:5|hidden_pair:1|pointing_pair:7|x_wing:1,true,Re-rated above Expert threshold by current solver score.
extreme_055,Expert Challenge 55,assets/puzzles/extreme/extreme_02.json,050030700001050000000700860010060000467500000000302000000000902080905000000000640,856239714741856293239741865312467589467598321598312476173684952684925137925173648,23,expert,255,expert,255,true,1,73,hidden_pair|hidden_single|naked_pair|naked_single|pointing_pair,naked_single:46|hidden_single:12|naked_pair:4|hidden_pair:3|pointing_pair:8,true,Re-rated above Expert threshold by current solver score.
extreme_049,Expert Challenge 49,assets/puzzles/extreme/extreme_02.json,002006000009000300587000409904800000010000000000050178400100000020003705000000280,132946857649785312587231469954817623718362594263459178475128936821693745396574281,25,expert,254,expert,254,true,1,72,hidden_pair|hidden_single|naked_pair|naked_single|pointing_pair,hidden_single:6|naked_pair:4|naked_single:50|hidden_pair:3|pointing_pair:9,true,Re-rated above Expert threshold by current solver score.
extreme_050,Expert Challenge 50,assets/puzzles/extreme/extreme_02.json,050000036000008000410000507904006001000007200080090000000400008309000000065020090,758142936693578124412963587924356871536817249187294365271439658349685712865721493,24,expert,254,expert,254,true,1,71,hidden_pair|hidden_single|naked_pair|naked_single|pointing_pair|x_wing,naked_single:45|hidden_single:12|pointing_pair:8|hidden_pair:2|x_wing:1|naked_pair:3,true,Re-rated above Expert threshold by current solver score.
extreme_051,Expert Challenge 51,assets/puzzles/extreme/extreme_02.json,700024510000000876000000000006001300010007080503000000050000062000410000000090105,768924513942153876135786294896241357214537689573869421451378962629415738387692145,24,expert,254,expert,254,true,1,71,hidden_pair|hidden_single|naked_pair|naked_single|pointing_pair|x_wing,hidden_single:16|hidden_pair:2|naked_pair:5|pointing_pair:6|naked_single:41|x_wing:1,true,Re-rated above Expert threshold by current solver score.
extreme_052,Expert Challenge 52,assets/puzzles/extreme/extreme_02.json,008000000010400300005700098530006000200040509000000070000080054000003100080900000,498365712712498365365712498539276841276841539841539276623187954954623187187954623,23,expert,254,expert,254,true,1,69,hidden_pair|hidden_single|naked_pair|naked_single|pointing_pair|x_wing,hidden_single:17|naked_pair:1|naked_single:41|hidden_pair:3|pointing_pair:4|x_wing:3,true,Re-rated above Expert threshold by current solver score.
extreme_045,Expert Challenge 45,assets/puzzles/extreme/extreme_02.json,050000370000073100060090008070010000005008009000000830000100900610200000509004060,951842376482673195763591248378916524245738619196425837834167952617259483529384761,25,expert,253,expert,253,true,1,69,hidden_pair|hidden_single|naked_pair|naked_single|pointing_pair|x_wing,hidden_single:12|hidden_pair:4|naked_pair:2|pointing_pair:5|x_wing:2|naked_single:44,true,Re-rated above Expert threshold by current solver score.
extreme_046,Expert Challenge 46,assets/puzzles/extreme/extreme_02.json,030010000208000901790000060000590000000000600104006700000000190307020800012000007,635719428248653971791284365863597214579142683124836759486375192357921846912468537,25,expert,253,expert,253,true,1,71,hidden_pair|hidden_single|naked_pair|naked_single|pointing_pair|x_wing,hidden_single:8|naked_pair:5|pointing_pair:7|x_wing:1|naked_single:48|hidden_pair:2,true,Re-rated above Expert threshold by current solver score.
extreme_047,Expert Challenge 47,assets/puzzles/extreme/extreme_02.json,000000230050000000910532080000210800300600009805000300100800000000004090076000000,648179235253486971917532684794213856321658749865947312139825467582764193476391528,24,expert,253,expert,253,true,1,70,hidden_pair|hidden_single|naked_pair|naked_single|pointing_pair|x_wing,hidden_single:16|naked_single:41|hidden_pair:2|pointing_pair:9|naked_pair:1|x_wing:1,true,Re-rated above Expert threshold by current solver score.
extreme_048,Expert Challenge 48,assets/puzzles/extreme/extreme_02.json,200035600870900000000000000600300000050700000087400095000010200318000049000000030,249135687876942153531678924624359718953781462187426395495813276318267549762594831,24,expert,253,expert,253,true,1,73,hidden_pair|hidden_single|naked_pair|naked_single|pointing_pair,naked_single:48|hidden_single:9|naked_pair:7|hidden_pair:4|pointing_pair:5,true,Re-rated above Expert threshold by current solver score.
extreme_040,Expert Challenge 40,assets/puzzles/extreme/extreme_02.json,035060000800000530000001900000400093004100000300076002080007010000010300502000040,135968724869724531427531968678452193254193876391876452983647215746215389512389647,25,expert,252,expert,252,true,1,71,hidden_pair|hidden_single|naked_pair|naked_single|pointing_pair|x_wing,hidden_single:9|naked_pair:10|hidden_pair:1|pointing_pair:2|naked_single:47|x_wing:2,true,Re-rated above Expert threshold by current solver score.
extreme_041,Expert Challenge 41,assets/puzzles/extreme/extreme_02.json,000050012000008300057900000080100004070000000620503070000000731000006000840001000,468357912912468357357912468583179624179624583624583179296845731731296845845731296,24,expert,252,expert,252,true,1,70,hidden_pair|hidden_single|naked_pair|naked_single|pointing_pair|x_wing,hidden_single:9|hidden_pair:4|naked_pair:2|pointing_pair:5|x_wing:2|naked_single:48,true,Re-rated above Expert threshold by current solver score.
extreme_042,Expert Challenge 42,assets/puzzles/extreme/extreme_02.json,340008070100300000000097003000000005400020010006000730010200600000060040809700000,342658971197342586658197423981473265473526819526981734714235698235869147869714352,24,expert,252,expert,252,true,1,69,hidden_pair|hidden_single|naked_pair|naked_single|pointing_pair|x_wing,hidden_single:18|hidden_pair:4|naked_pair:2|pointing_pair:4|x_wing:2|naked_single:39,true,Re-rated above Expert threshold by current solver score.
extreme_043,Expert Challenge 43,assets/puzzles/extreme/extreme_02.json,000380250030009000000000084000008005600401020290000000000800570000006800903000000,167384259834259617529617384341928765675431928298765431416893572752146893983572146,23,expert,252,expert,252,true,1,72,hidden_pair|hidden_single|naked_pair|naked_single|pointing_pair,hidden_single:16|pointing_pair:9|hidden_pair:2|naked_pair:3|naked_single:42,true,Re-rated above Expert threshold by current solver score.
extreme_044,Expert Challenge 44,assets/puzzles/extreme/extreme_02.json,500030400400000009009001060000600090072000000300005002000000048023008100900000020,567239481481567239239481567815672394672394815394815672156723948723948156948156723,23,expert,252,expert,252,true,1,72,hidden_pair|hidden_single|naked_pair|naked_single|pointing_pair|x_wing,hidden_single:8|hidden_pair:4|naked_pair:3|pointing_pair:6|x_wing:1|naked_single:50,true,Re-rated above Expert threshold by current solver score.
extreme_035,Expert Challenge 35,assets/puzzles/extreme/extreme_02.json,050003000400000900007000410000008700000020001020691000500000002060830009030009100,956413287413287956287956413691348725348725691725691348579164832164832579832579164,24,expert,251,expert,251,true,1,71,hidden_pair|hidden_single|naked_pair|naked_single|pointing_pair|x_wing,naked_single:48|hidden_single:9|hidden_pair:5|naked_pair:3|pointing_pair:5|x_wing:1,true,Re-rated above Expert threshold by current solver score.
extreme_036,Expert Challenge 36,assets/puzzles/extreme/extreme_02.json,600000000008050030000632001401089600089000000070000005000010000000703002790000500,632148759148957236957632841421589673589376124376421985264815397815793462793264518,24,expert,251,expert,251,true,1,69,hidden_pair|hidden_single|naked_pair|naked_single|pointing_pair|x_wing,hidden_single:9|hidden_pair:3|naked_pair:2|pointing_pair:4|x_wing:3|naked_single:48,true,Re-rated above Expert threshold by current solver score.
extreme_037,Expert Challenge 37,assets/puzzles/extreme/extreme_02.json,034000000500210000020006000000090000200850009010000300000034007000000160897000400,634785921578219634921346578385197246246853719719462385162534897453978162897621453,23,expert,251,expert,251,true,1,73,hidden_pair|hidden_single|naked_pair|naked_single|pointing_pair,pointing_pair:6|hidden_pair:5|hidden_single:8|naked_pair:4|naked_single:50,true,Re-rated above Expert threshold by current solver score.
extreme_038,Expert Challenge 38,assets/puzzles/extreme/extreme_02.json,007043000610000000000900000002060017000200009900100300070000000005000061403600800,527843196619725483348916275832469517751238649964157328176582934285394761493671852,23,expert,251,expert,251,true,1,71,hidden_pair|hidden_single|naked_pair|naked_single|pointing_pair|x_wing,hidden_single:18|pointing_pair:7|naked_pair:4|hidden_pair:1|naked_single:40|x_wing:1,true,Re-rated above Expert threshold by current solver score.
extreme_039,Expert Challenge 39,assets/puzzles/extreme/extreme_02.json,000641000725000000100020000000800600078006502000010000200000093800000000000162000,389641725725983146146527389512879634978436512634215978261758493857394261493162857,23,expert,251,expert,251,true,1,73,hidden_pair|hidden_single|naked_pair|naked_single|pointing_pair,hidden_single:10|naked_pair:5|naked_single:48|hidden_pair:4|pointing_pair:6,true,Re-rated above Expert threshold by current solver score.
extreme_028,Expert Challenge 28,assets/puzzles/extreme/extreme_01.json,501000009080504000000070040020000450198000000000702000000306208300820010002090060,541263789987514632236978145723189456198645327654732891419356278365827914872491563,27,expert,250,expert,250,true,1,68,hidden_pair|hidden_single|naked_pair|naked_single|pointing_pair|x_wing,hidden_single:6|hidden_pair:3|naked_pair:3|pointing_pair:6|naked_single:48|x_wing:2,true,Re-rated above Expert threshold by current solver score.
extreme_029,Expert Challenge 29,assets/puzzles/extreme/extreme_01.json,090000003006500010100000209940700800000050000001302000007200040050090708000008020,592147683836529417174863259945716832328954176761382594687235941253491768419678325,25,expert,250,expert,250,true,1,67,hidden_pair|hidden_single|naked_pair|naked_single|pointing_pair|x_wing,naked_single:43|hidden_single:13|naked_pair:3|hidden_pair:2|pointing_pair:2|x_wing:4,true,Re-rated above Expert threshold by current solver score.
extreme_030,Expert Challenge 30,assets/puzzles/extreme/extreme_01.json,000030920007000000460900001000000030140000005009800400030700050004006700000000362,851634927297518643463972581785461239146293875329857416632789154514326798978145362,24,expert,250,expert,250,true,1,69,hidden_pair|hidden_single|naked_pair|naked_single|pointing_pair|x_wing,hidden_single:16|hidden_pair:2|naked_pair:2|pointing_pair:6|x_wing:2|naked_single:41,true,Re-rated above Expert threshold by current solver score.
extreme_031,Expert Challenge 31,assets/puzzles/extreme/extreme_02.json,000002008207006000000340000350090000000708065000000190091000030500030000000007002,934172658217856943685349271356491827149728365872563194791285436528634719463917582,23,expert,250,expert,250,true,1,72,hidden_pair|hidden_single|naked_pair|naked_single|pointing_pair|x_wing,hidden_single:12|naked_pair:6|naked_single:46|hidden_pair:3|pointing_pair:4|x_wing:1,true,Re-rated above Expert threshold by current solver score.
extreme_032,Expert Challenge 32,assets/puzzles/extreme/extreme_02.json,420001500000000000900600840200000000000809370010000908000400709002080000000300050,428791536365248197971635842289173465654829371713564928136452789542987613897316254,23,expert,250,expert,250,true,1,70,hidden_pair|hidden_single|naked_pair|naked_single|pointing_pair|x_wing,hidden_single:14|hidden_pair:3|naked_pair:2|pointing_pair:5|x_wing:2|naked_single:44,true,Re-rated above Expert threshold by current solver score.
extreme_033,Expert Challenge 33,assets/puzzles/extreme/extreme_02.json,820000000900000165100003000000106400000000500097050010001400000050000209000068000,824615973973284165165793824582136497316947582497852316731429658658371249249568731,23,expert,250,expert,250,true,1,70,hidden_pair|hidden_single|naked_pair|naked_single|pointing_pair|x_wing,hidden_single:20|pointing_pair:9|naked_single:38|naked_pair:1|x_wing:1|hidden_pair:1,true,Re-rated above Expert threshold by current solver score.
extreme_034,Expert Challenge 34,assets/puzzles/extreme/extreme_02.json,000700003000060000005002781071050000000290004000004008000005000000400030914800000,249781563187563942365942781471358296853296174692174358738625419526419837914837625,23,expert,250,expert,250,true,1,73,hidden_pair|hidden_single|naked_pair|naked_single|pointing_pair,hidden_single:9|hidden_pair:1|naked_pair:5|pointing_pair:9|naked_single:49,true,Re-rated above Expert threshold by current solver score.
extreme_023,Expert Challenge 23,assets/puzzles/extreme/extreme_01.json,108004300000006070009500010402030060000005001380000000003080200000400000000051080,168974325235816479749523618452138967697245831381769542513687294876492153924351786,24,expert,249,expert,249,true,1,69,hidden_pair|hidden_single|naked_pair|naked_single|pointing_pair|x_wing,hidden_single:15|hidden_pair:1|pointing_pair:7|naked_single:42|naked_pair:2|x_wing:2,true,Re-rated above Expert threshold by current solver score.
extreme_024,Expert Challenge 24,assets/puzzles/extreme/extreme_01.json,000000000834000000000080521000002006400100900709340008000600004000014005008000030,215769483834521769697483521581972346463158972729346158952637814376814295148295637,24,expert,249,expert,249,true,1,72,hidden_pair|hidden_single|naked_pair|naked_single|pointing_pair,hidden_single:14|hidden_pair:3|naked_single:43|naked_pair:7|pointing_pair:5,true,Re-rated above Expert threshold by current solver score.
extreme_025,Expert Challenge 25,assets/puzzles/extreme/extreme_01.json,080070000607000040000500106000150060900000700000062000000000012061403000058000000,584671923617329845392548176843157269926834751175962438439785612261493587758216394,23,expert,249,expert,249,true,1,72,hidden_pair|hidden_single|naked_pair|naked_single|pointing_pair,hidden_single:9|hidden_pair:3|pointing_pair:10|naked_pair:1|naked_single:49,true,Re-rated above Expert threshold by current solver score.
extreme_026,Expert Challenge 26,assets/puzzles/extreme/extreme_01.json,003007090247000000006500000000008206000002050100309000080260000004000070000805000,853427691247196385916583724539748216478612953162359847785264139624931578391875462,23,expert,249,expert,249,true,1,70,hidden_pair|hidden_single|naked_pair|naked_single|pointing_pair|x_wing,hidden_single:19|naked_pair:1|hidden_pair:1|pointing_pair:9|x_wing:1|naked_single:39,true,Re-rated above Expert threshold by current solver score.
extreme_027,Expert Challenge 27,assets/puzzles/extreme/extreme_01.json,000000950000300802400060000000000197065000000007003000050000000000431008103082000,731824956596317842482965371324658197865179234917243685258796413679431528143582769,23,expert,249,expert,249,true,1,71,hidden_pair|hidden_single|naked_single|pointing_pair,hidden_single:16|hidden_pair:2|pointing_pair:11|naked_single:42,true,Re-rated above Expert threshold by current solver score.
extreme_013,Expert Challenge 13,assets/puzzles/extreme/extreme_01.json,003009271000050008000000060009714020017032000000000000090000600004201030062003000,653849271721356498948127563589714326417632859236985147395478612874261935162593784,26,expert,248,expert,248,true,1,66,hidden_pair|hidden_single|naked_pair|naked_single|pointing_pair|x_wing,hidden_single:11|hidden_pair:1|pointing_pair:4|x_wing:4|naked_pair:2|naked_single:44,true,Re-rated above Expert threshold by current solver score.
extreme_014,Expert Challenge 14,assets/puzzles/extreme/extreme_01.json,000497000900050003018000000002004090630001200000080000105000904060005000000000071,326497815947158623518236749852364197634971258791582436175823964469715382283649571,24,expert,248,expert,248,true,1,70,hidden_pair|hidden_single|naked_pair|naked_single|pointing_pair|x_wing,naked_single:44|hidden_single:13|naked_pair:2|pointing_pair:9|hidden_pair:1|x_wing:1,true,Re-rated above Expert threshold by current solver score.
extreme_015,Expert Challenge 15,assets/puzzles/extreme/extreme_01.json,003500708690100400000000000027400805089010000000000000900200060000801307000000100,243569718695187432871324956127436895589712643364958271918273564456891327732645189,24,expert,248,expert,248,true,1,68,hidden_pair|hidden_single|naked_single|pointing_pair|x_wing,naked_single:46|hidden_single:11|hidden_pair:2|pointing_pair:6|x_wing:3,true,Re-rated above Expert threshold by current solver score.
extreme_016,Expert Challenge 16,assets/puzzles/extreme/extreme_01.json,000300010060000507200090000008009675040006000000000902700003000000020006350180000,597368214863412597214795863138249675942576138675831942729653481481927356356184729,24,expert,248,expert,248,true,1,71,hidden_pair|hidden_single|naked_pair|naked_single|pointing_pair,naked_single:45|hidden_single:12|hidden_pair:2|naked_pair:2|pointing_pair:10,true,Re-rated above Expert threshold by current solver score.
extreme_017,Expert Challenge 17,assets/puzzles/extreme/extreme_01.json,005910000008000000340000080000800004401000009000600537020169000000080100600000070,275918463198436752346725981753892614461573829982641537827169345534287196619354278,24,expert,248,expert,248,true,1,67,hidden_pair|hidden_single|naked_pair|naked_single|pointing_pair|x_wing,hidden_single:14|naked_pair:1|pointing_pair:4|x_wing:4|hidden_pair:1|naked_single:43,true,Re-rated above Expert threshold by current solver score.
extreme_018,Expert Challenge 18,assets/puzzles/extreme/extreme_01.json,030402000000090081000300060000200009607500008053000070301000000000900020480000003,138462795246795381579381462814276539627539148953148276391824657765913824482657913,24,expert,248,expert,248,true,1,72,hidden_pair|hidden_single|naked_pair|naked_single|pointing_pair,hidden_single:5|hidden_pair:3|naked_pair:3|pointing_pair:9|naked_single:52,true,Re-rated above Expert threshold by current solver score.
extreme_019,Expert Challenge 19,assets/puzzles/extreme/extreme_01.json,700000503046500000000082000800007000003820000600000025000000090060251000400000001,728964513946513782531782964852647139193825647674139825215478396369251478487396251,23,expert,248,expert,248,true,1,71,hidden_pair|hidden_single|naked_pair|naked_single|pointing_pair|x_wing,hidden_single:15|hidden_pair:4|naked_pair:4|naked_single:43|pointing_pair:4|x_wing:1,true,Re-rated above Expert threshold by current solver score.
extreme_020,Expert Challenge 20,assets/puzzles/extreme/extreme_01.json,000005000431000080000040007900000010100000602000803700000074200010000035090008000,279685143431729586865341927947256318183497652526813794358174269714962835692538471,23,expert,248,expert,248,true,1,71,hidden_pair|hidden_single|naked_pair|naked_single|pointing_pair|x_wing,hidden_single:9|hidden_pair:2|naked_pair:1|pointing_pair:9|x_wing:1|naked_single:49,true,Re-rated above Expert threshold by current solver score.
extreme_021,Expert Challenge 21,assets/puzzles/extreme/extreme_01.json,000000600000960120509800000000308000076000003800000590007040000600000807002003000,218437659734965128569812374951328746476159283823674591387546912645291837192783465,23,expert,248,expert,248,true,1,68,hidden_single|naked_pair|naked_single|pointing_pair|x_wing,naked_single:38|hidden_single:20|naked_pair:1|pointing_pair:6|x_wing:3,true,Re-rated above Expert threshold by current solver score.
extreme_022,Expert Challenge 22,assets/puzzles/extreme/extreme_01.json,800120000000004306000000000050000862000006900028001000007000004200000000040003609,863129547912754386475638291159347862734286915628591473387962154296415738541873629,22,expert,248,expert,248,true,1,73,hidden_pair|hidden_single|naked_pair|naked_single|pointing_pair,hidden_single:18|naked_pair:7|hidden_pair:4|pointing_pair:3|naked_single:41,true,Re-rated above Expert threshold by current solver score.
extreme_005,Expert Challenge 05,assets/puzzles/extreme/extreme_01.json,900007000500020109000040060020090600060000003009100080050000002200410000080039010,914567328576823149832941765728394651165782493349156287451678932293415876687239514,25,expert,247,expert,247,true,1,67,hidden_pair|hidden_single|naked_pair|naked_single|pointing_pair|x_wing,hidden_single:18|pointing_pair:4|x_wing:3|naked_single:38|naked_pair:3|hidden_pair:1,true,Re-rated above Expert threshold by current solver score.
extreme_006,Expert Challenge 06,assets/puzzles/extreme/extreme_01.json,360089100001063208000000030700000002005010000000008301000000040000752003036000000,364289157571463298982175436713946582825317964649528371257631849498752613136894725,25,expert,247,expert,247,true,1,68,hidden_pair|hidden_single|naked_pair|naked_single|pointing_pair|x_wing,hidden_single:19|naked_pair:4|pointing_pair:5|hidden_pair:1|x_wing:2|naked_single:37,true,Re-rated above Expert threshold by current solver score.
extreme_007,Expert Challenge 07,assets/puzzles/extreme/extreme_01.json,210000000008002704000000030000659000080000000065000047009508000050200000307090010,213764985598132764476985132734659821182347659965821347649518273851273496327496518,24,expert,247,expert,247,true,1,70,hidden_pair|hidden_single|naked_pair|naked_single|pointing_pair|x_wing,naked_single:49|hidden_single:8|hidden_pair:1|naked_pair:4|pointing_pair:6|x_wing:2,true,Re-rated above Expert threshold by current solver score.
extreme_008,Expert Challenge 08,assets/puzzles/extreme/extreme_01.json,000000100290610000800003709700001902000090000000807400008000000050000061000524000,345972186297618534861453729786341952134295678529867413978136245452789361613524897,24,expert,247,expert,247,true,1,70,hidden_pair|hidden_single|naked_single|pointing_pair|x_wing,hidden_single:8|hidden_pair:2|pointing_pair:10|x_wing:1|naked_single:49,true,Re-rated above Expert threshold by current solver score.
extreme_009,Expert Challenge 09,assets/puzzles/extreme/extreme_01.json,008005090209000004040000006003000020182006000000081007006000003000057000000108700,368745291219863574547912386673594128182376459495281637756429813831657942924138765,24,expert,247,expert,247,true,1,72,hidden_pair|hidden_single|naked_pair|naked_single|pointing_pair,naked_single:51|hidden_single:6|hidden_pair:5|pointing_pair:6|naked_pair:4,true,Re-rated above Expert threshold by current solver score.
extreme_010,Expert Challenge 10,assets/puzzles/extreme/extreme_01.json,000008900800000054076000000000090000009512700000300406007000301500003000010000049,145238967823769154976451832738694215469512783251387496687945321594123678312876549,24,expert,247,expert,247,true,1,71,hidden_pair|hidden_single|naked_pair|naked_single|pointing_pair|x_wing,naked_single:48|hidden_single:9|naked_pair:5|pointing_pair:6|hidden_pair:2|x_wing:1,true,Re-rated above Expert threshold by current solver score.
extreme_011,Expert Challenge 11,assets/puzzles/extreme/extreme_01.json,100000374805000000000090000000050200058070000200104000002000008600030000000906520,196528374825743169347691852461859237958372416273164985532417698689235741714986523,23,expert,247,expert,247,true,1,73,hidden_pair|hidden_single|naked_pair|naked_single|pointing_pair,hidden_single:10|hidden_pair:3|naked_single:48|naked_pair:7|pointing_pair:5,true,Re-rated above Expert threshold by current solver score.
extreme_012,Expert Challenge 12,assets/puzzles/extreme/extreme_01.json,020070000006000008070009500000800060000357800400000000030086200084005001000000006,325178649946523178871649523753814962269357814418962357137486295684295731592731486,23,expert,247,expert,247,true,1,71,hidden_pair|hidden_single|naked_pair|naked_single|pointing_pair,hidden_single:22|hidden_pair:2|naked_pair:4|pointing_pair:7|naked_single:36,true,Re-rated above Expert threshold by current solver score.
extreme_001,Expert Challenge 01,assets/puzzles/extreme/extreme_01.json,007520000000080040306007000000200800009010003063000400000000600000008754690004030,947521386521386947386947521415263879879415263263879415754132698132698754698754132,25,expert,246,expert,246,true,1,71,hidden_pair|hidden_single|naked_pair|naked_single|pointing_pair|x_wing,hidden_single:3|naked_pair:6|naked_single:53|pointing_pair:7|hidden_pair:1|x_wing:1,true,Re-rated above Expert threshold by current solver score.
extreme_002,Expert Challenge 02,assets/puzzles/extreme/extreme_01.json,000040050900000800086300000000923100000100005007000900000030200054079608000000040,172846359935712864486395721548923176293167485617458932861534297354279618729681543,24,expert,246,expert,246,true,1,71,hidden_pair|hidden_single|naked_pair|naked_single|pointing_pair|x_wing,naked_single:49|hidden_single:8|hidden_pair:2|naked_pair:5|pointing_pair:6|x_wing:1,true,Re-rated above Expert threshold by current solver score.
extreme_003,Expert Challenge 03,assets/puzzles/extreme/extreme_01.json,850040006000000000004109000300090000560700000000000732421000000600030040000010900,857342196916578324234169587372491658568723419149685732421956873695837241783214965,23,expert,246,expert,246,true,1,70,hidden_pair|hidden_single|naked_pair|naked_single|pointing_pair|x_wing,naked_single:50|hidden_single:8|pointing_pair:8|naked_pair:1|x_wing:2|hidden_pair:1,true,Re-rated above Expert threshold by current solver score.
extreme_004,Expert Challenge 04,assets/puzzles/extreme/extreme_01.json,271000000008000050000803000000000000000000231300509040107006002000000400000382000,271954863638127954549863127486231579795648231312579648157496382823715496964382715,22,expert,246,expert,246,true,1,70,hidden_pair|hidden_single|naked_pair|naked_single|pointing_pair|x_wing,hidden_single:25|pointing_pair:7|naked_pair:2|hidden_pair:1|x_wing:1|naked_single:34,true,Re-rated above Expert threshold by current solver score.
